{
  "experiment_info": {
    "game": "c4",
    "agent1_type": "minimax",
    "agent2_type": "minimax",
    "num_games": 10,
    "timeouts": 0,
    "agent1_max_depth": "5",
    "agent1_use_pruning": true,
    "agent2_max_depth": "5",
    "agent2_use_pruning": false
  },
  "results": {
    "agent1_wins": 0,
    "agent2_wins": 10,
    "draws": 0,
    "agent1_win_rate": 0.0,
    "agent2_win_rate": 1.0,
    "draw_rate": 0.0
  },
  "game_metrics": {
    "total_games": 10,
    "wins": 0,
    "losses": 0,
    "draws": 10,
    "win_rate": 0.0,
    "loss_rate": 0.0,
    "draw_rate": 1.0,
    "avg_moves": 36.0,
    "min_moves": 36,
    "max_moves": 36,
    "total_moves": 360,
    "avg_time_per_move": 0.7995500524838766,
    "min_time_per_move": 0.00010991096496582031,
    "max_time_per_move": 4.647255897521973,
    "total_time": 287.83801889419556,
    "avg_game_duration": 28.785344219207765,
    "min_game_duration": 27.357908010482788,
    "max_game_duration": 30.881150007247925,
    "avg_states_explored": 0.0,
    "min_states_explored": 0,
    "max_states_explored": 0,
    "total_states_explored": 0
  },
  "agent1_metrics": {
    "total_games": 10,
    "wins": 0,
    "losses": 10,
    "draws": 0,
    "win_rate": 0.0,
    "loss_rate": 1.0,
    "draw_rate": 0.0,
    "avg_moves": 18.0,
    "min_moves": 18,
    "max_moves": 18,
    "total_moves": 180,
    "avg_time_per_move": 0.23106242815653483,
    "min_time_per_move": 0.00010991096496582031,
    "max_time_per_move": 1.2249438762664795,
    "total_time": 41.59123706817627,
    "avg_game_duration": 28.785344934463502,
    "min_game_duration": 27.357908964157104,
    "max_game_duration": 30.881150484085083,
    "avg_states_explored": 24216.0,
    "min_states_explored": 24216,
    "max_states_explored": 24216,
    "total_states_explored": 242160
  },
  "agent2_metrics": {
    "total_games": 10,
    "wins": 10,
    "losses": 0,
    "draws": 0,
    "win_rate": 1.0,
    "loss_rate": 0.0,
    "draw_rate": 0.0,
    "avg_moves": 18.0,
    "min_moves": 18,
    "max_moves": 18,
    "total_moves": 180,
    "avg_time_per_move": 1.3680376768112184,
    "min_time_per_move": 0.0001621246337890625,
    "max_time_per_move": 4.647255897521973,
    "total_time": 246.2467818260193,
    "avg_game_duration": 28.78534574508667,
    "min_game_duration": 27.357909679412842,
    "max_game_duration": 30.88115096092224,
    "avg_states_explored": 123860.0,
    "min_states_explored": 123860,
    "max_states_explored": 123860,
    "total_states_explored": 1238600
  }
}