{
  "experiment_info": {
    "game": "ttt",
    "agent1_type": "minimax",
    "agent2_type": "qlearning",
    "num_games": 10,
    "timeouts": 0,
    "agent1_max_depth": "5",
    "agent1_use_pruning": true,
    "agent2_q_table_path": null,
    "agent2_trained": true,
    "agent2_train_episodes": 10000,
    "agent2_save_q_table_path": "models/agent2-qtable_20250405_025959.pkl"
  },
  "results": {
    "agent1_wins": 0,
    "agent2_wins": 0,
    "draws": 10,
    "agent1_win_rate": 0.0,
    "agent2_win_rate": 0.0,
    "draw_rate": 1.0
  },
  "game_metrics": {
    "total_games": 10,
    "wins": 0,
    "losses": 0,
    "draws": 10,
    "win_rate": 0.0,
    "loss_rate": 0.0,
    "draw_rate": 1.0,
    "avg_moves": 9.0,
    "min_moves": 9,
    "max_moves": 9,
    "total_moves": 90,
    "avg_time_per_move": 0.00605621337890625,
    "min_time_per_move": 9.5367431640625e-06,
    "max_time_per_move": 0.05091691017150879,
    "total_time": 0.5450592041015625,
    "avg_game_duration": 0.05486173629760742,
    "min_game_duration": 0.051154136657714844,
    "max_game_duration": 0.05803275108337402,
    "avg_states_explored": 0.0,
    "min_states_explored": 0,
    "max_states_explored": 0,
    "total_states_explored": 0
  },
  "agent1_metrics": {
    "total_games": 10,
    "wins": 0,
    "losses": 0,
    "draws": 10,
    "win_rate": 0.0,
    "loss_rate": 0.0,
    "draw_rate": 1.0,
    "avg_moves": 5.0,
    "min_moves": 5,
    "max_moves": 5,
    "total_moves": 50,
    "avg_time_per_move": 0.01087975025177002,
    "min_time_per_move": 1.0251998901367188e-05,
    "max_time_per_move": 0.05091691017150879,
    "total_time": 0.543987512588501,
    "avg_game_duration": 0.05486228466033936,
    "min_game_duration": 0.05115461349487305,
    "max_game_duration": 0.05803275108337402,
    "avg_states_explored": 3556.8,
    "min_states_explored": 3377,
    "max_states_explored": 3840,
    "total_states_explored": 35568
  },
  "agent2_metrics": {
    "total_games": 10,
    "wins": 0,
    "losses": 0,
    "draws": 10,
    "win_rate": 0.0,
    "loss_rate": 0.0,
    "draw_rate": 1.0,
    "avg_moves": 4.0,
    "min_moves": 4,
    "max_moves": 4,
    "total_moves": 40,
    "avg_time_per_move": 2.6792287826538086e-05,
    "min_time_per_move": 9.5367431640625e-06,
    "max_time_per_move": 7.534027099609375e-05,
    "total_time": 0.0010716915130615234,
    "avg_game_duration": 0.05486249923706055,
    "min_game_duration": 0.05115485191345215,
    "max_game_duration": 0.05803275108337402,
    "avg_states_explored": 0.0,
    "min_states_explored": 0,
    "max_states_explored": 0,
    "total_states_explored": 0
  },
  "agent2_q_metrics": {
    "q_table_size": 660,
    "q_table_memory_kb": 777.109375
  },
  "agent2_training_stats": {
    "episode_rewards": [
      -1.1,
      -1.05,
      -1.05,
      -1.1,
      -1.1,
      0.04999999999999999,
      -1.1,
      -1.05,
      0.04999999999999999,
      0.04999999999999999,
      -1.15,
      -1.1,
      0.04999999999999999,
      0.04999999999999999,
      0.04999999999999999,
      -1.15,
      0.04999999999999999,
      -1.05,
      0.04999999999999999,
      0.04999999999999999,
      0.04999999999999999,
      -1.1,
      -1.1,
      -1.15,
      0.04999999999999999,
      -1.1,
      -1.15,
      0.04999999999999999,
      0.04999999999999999,
      0.04999999999999999,
      -1.15,
      0.04999999999999999,
      0.04999999999999999,
      -1.1,
      0.04999999999999999,
      0.04999999999999999,
      0.04999999999999999,
      -1.15,
      0.04999999999999999,
      0.04999999999999999,
      -1.1,
      0.04999999999999999,
      0.04999999999999999,
      0.04999999999999999,
      0.04999999999999999,
      0.04999999999999999,
      0.04999999999999999,
      -1.15,
      -1.15,
      0.04999999999999999,
      -1.1,
      0.04999999999999999,
      0.04999999999999999,
      0.04999999999999999,
      0.04999999999999999,
      0.04999999999999999,
      0.04999999999999999,
      0.04999999999999999,
      0.04999999999999999,
      0.04999999999999999,
      0.04999999999999999,
      -1.05,
      0.04999999999999999,
      0.04999999999999999,
      -1.15,
      -1.05,
      -1.15,
      -1.1,
      -1.15,
      0.04999999999999999,
      -1.1,
      0.04999999999999999,
      0.04999999999999999,
      -1.1,
      -1.15,
      -1.1,
      -1.15,
      0.04999999999999999,
      0.04999999999999999,
      0.04999999999999999,
      -1.15,
      0.04999999999999999,
      0.04999999999999999,
      0.04999999999999999,
      0.04999999999999999,
      0.04999999999999999,
      0.04999999999999999,
      0.04999999999999999,
      0.04999999999999999,
      0.04999999999999999,
      -1.05,
      0.04999999999999999,
      -1.1,
      0.04999999999999999,
      0.04999999999999999,
      0.04999999999999999,
      0.04999999999999999,
      -1.1,
      0.04999999999999999,
      0.04999999999999999
    ],
    "win_rate": [
      [
        1000,
        0.0
      ],
      [
        2000,
        0.0
      ],
      [
        3000,
        0.0
      ],
      [
        4000,
        0.0
      ],
      [
        5000,
        0.0
      ],
      [
        6000,
        0.0
      ],
      [
        7000,
        0.0
      ],
      [
        8000,
        0.0
      ],
      [
        9000,
        0.0
      ],
      [
        10000,
        0.0
      ]
    ],
    "episode_lengths": [
      3,
      2,
      2,
      3,
      3,
      4,
      3,
      2,
      4,
      4,
      4,
      3,
      4,
      4,
      4,
      4,
      4,
      2,
      4,
      4,
      4,
      3,
      3,
      4,
      4,
      3,
      4,
      4,
      4,
      4,
      4,
      4,
      4,
      3,
      4,
      4,
      4,
      4,
      4,
      4,
      3,
      4,
      4,
      4,
      4,
      4,
      4,
      4,
      4,
      4,
      3,
      4,
      4,
      4,
      4,
      4,
      4,
      4,
      4,
      4,
      4,
      2,
      4,
      4,
      4,
      2,
      4,
      3,
      4,
      4,
      3,
      4,
      4,
      3,
      4,
      3,
      4,
      4,
      4,
      4,
      4,
      4,
      4,
      4,
      4,
      4,
      4,
      4,
      4,
      4,
      2,
      4,
      3,
      4,
      4,
      4,
      4,
      3,
      4,
      4
    ]
  }
}