{
  "experiment_info": {
    "game": "ttt",
    "agent1_type": "qlearning",
    "agent2_type": "minimax",
    "num_games": 100,
    "timeouts": 0,
    "agent1_q_table_path": "models/ttt_qtable.pkl",
    "agent1_trained": false,
    "agent1_train_episodes": 0,
    "agent1_save_q_table_path": null,
    "agent2_max_depth": "5",
    "agent2_use_pruning": true
  },
  "results": {
    "agent1_wins": 0,
    "agent2_wins": 89,
    "draws": 11,
    "agent1_win_rate": 0.0,
    "agent2_win_rate": 0.89,
    "draw_rate": 0.11
  },
  "game_metrics": {
    "total_games": 100,
    "wins": 0,
    "losses": 0,
    "draws": 100,
    "win_rate": 0.0,
    "loss_rate": 0.0,
    "draw_rate": 1.0,
    "avg_moves": 7.07,
    "min_moves": 6,
    "max_moves": 9,
    "total_moves": 707,
    "avg_time_per_move": 0.0027003676078612934,
    "min_time_per_move": 4.76837158203125e-06,
    "max_time_per_move": 0.026691198348999023,
    "total_time": 1.9091598987579346,
    "avg_game_duration": 0.019222686290740965,
    "min_game_duration": 0.01172780990600586,
    "max_game_duration": 0.028914451599121094,
    "avg_states_explored": 0.0,
    "min_states_explored": 0,
    "max_states_explored": 0,
    "total_states_explored": 0
  },
  "agent1_metrics": {
    "total_games": 100,
    "wins": 0,
    "losses": 89,
    "draws": 11,
    "win_rate": 0.0,
    "loss_rate": 0.89,
    "draw_rate": 0.11,
    "avg_moves": 3.59,
    "min_moves": 3,
    "max_moves": 5,
    "total_moves": 359,
    "avg_time_per_move": 2.1847509740122846e-05,
    "min_time_per_move": 4.76837158203125e-06,
    "max_time_per_move": 0.00029969215393066406,
    "total_time": 0.007843255996704102,
    "avg_game_duration": 0.0192234468460083,
    "min_game_duration": 0.011728286743164062,
    "max_game_duration": 0.028914690017700195,
    "avg_states_explored": 0.0,
    "min_states_explored": 0,
    "max_states_explored": 0,
    "total_states_explored": 0
  },
  "agent2_metrics": {
    "total_games": 100,
    "wins": 89,
    "losses": 0,
    "draws": 11,
    "win_rate": 0.89,
    "loss_rate": 0.0,
    "draw_rate": 0.11,
    "avg_moves": 3.48,
    "min_moves": 3,
    "max_moves": 4,
    "total_moves": 348,
    "avg_time_per_move": 0.005463553571152961,
    "min_time_per_move": 7.867813110351562e-06,
    "max_time_per_move": 0.026691198348999023,
    "total_time": 1.9013166427612305,
    "avg_game_duration": 0.019224071502685548,
    "min_game_duration": 0.011728763580322266,
    "max_game_duration": 0.0289151668548584,
    "avg_states_explored": 1428.3,
    "min_states_explored": 864,
    "max_states_explored": 2071,
    "total_states_explored": 142830
  },
  "agent1_q_metrics": {
    "q_table_size": 327,
    "q_table_memory_kb": 407.09375
  }
}