{
  "experiment_info": {
    "game": "ttt",
    "agent1_type": "minimax",
    "agent2_type": "qlearning",
    "num_games": 100,
    "timeouts": 0,
    "agent1_max_depth": "5",
    "agent1_use_pruning": true,
    "agent2_q_table_path": "models/ttt_qtable.pkl",
    "agent2_trained": false,
    "agent2_train_episodes": 0,
    "agent2_save_q_table_path": null
  },
  "results": {
    "agent1_wins": 43,
    "agent2_wins": 0,
    "draws": 57,
    "agent1_win_rate": 0.43,
    "agent2_win_rate": 0.0,
    "draw_rate": 0.57
  },
  "game_metrics": {
    "total_games": 100,
    "wins": 0,
    "losses": 0,
    "draws": 100,
    "win_rate": 0.0,
    "loss_rate": 0.0,
    "draw_rate": 1.0,
    "avg_moves": 8.26,
    "min_moves": 7,
    "max_moves": 9,
    "total_moves": 826,
    "avg_time_per_move": 0.006828132033636726,
    "min_time_per_move": 7.152557373046875e-06,
    "max_time_per_move": 0.07678079605102539,
    "total_time": 5.6400370597839355,
    "avg_game_duration": 0.056551761627197265,
    "min_game_duration": 0.04604005813598633,
    "max_game_duration": 0.09464716911315918,
    "avg_states_explored": 0.0,
    "min_states_explored": 0,
    "max_states_explored": 0,
    "total_states_explored": 0
  },
  "agent1_metrics": {
    "total_games": 100,
    "wins": 43,
    "losses": 0,
    "draws": 57,
    "win_rate": 0.43,
    "loss_rate": 0.0,
    "draw_rate": 0.57,
    "avg_moves": 4.63,
    "min_moves": 4,
    "max_moves": 5,
    "total_moves": 463,
    "avg_time_per_move": 0.012159755368984544,
    "min_time_per_move": 7.152557373046875e-06,
    "max_time_per_move": 0.07678079605102539,
    "total_time": 5.629966735839844,
    "avg_game_duration": 0.05655280351638794,
    "min_game_duration": 0.04604077339172363,
    "max_game_duration": 0.09464907646179199,
    "avg_states_explored": 3557.91,
    "min_states_explored": 3372,
    "max_states_explored": 3840,
    "total_states_explored": 355791
  },
  "agent2_metrics": {
    "total_games": 100,
    "wins": 0,
    "losses": 43,
    "draws": 57,
    "win_rate": 0.0,
    "loss_rate": 0.43,
    "draw_rate": 0.57,
    "avg_moves": 3.63,
    "min_moves": 3,
    "max_moves": 4,
    "total_moves": 363,
    "avg_time_per_move": 2.7741939239922305e-05,
    "min_time_per_move": 7.3909759521484375e-06,
    "max_time_per_move": 0.0003387928009033203,
    "total_time": 0.010070323944091797,
    "avg_game_duration": 0.05655340909957886,
    "min_game_duration": 0.04604363441467285,
    "max_game_duration": 0.0946500301361084,
    "avg_states_explored": 0.0,
    "min_states_explored": 0,
    "max_states_explored": 0,
    "total_states_explored": 0
  },
  "agent2_q_metrics": {
    "q_table_size": 327,
    "q_table_memory_kb": 407.09375
  }
}