{
  "experiment_info": {
    "game": "c4",
    "agent_type": "qlearning",
    "agent_player": "first",
    "num_games": 100,
    "timeouts": 0,
    "q_table_path": null,
    "trained": true,
    "train_episodes": 10000,
    "save_q_table_path": "models/c4_qtable.pkl"
  },
  "agent_results": {
    "wins": 75,
    "losses": 22,
    "draws": 3,
    "win_rate": 0.75,
    "loss_rate": 0.22,
    "draw_rate": 0.03
  },
  "game_metrics": {
    "total_moves": 2125,
    "avg_moves": 21.25,
    "min_moves": 11,
    "max_moves": 42,
    "total_time": 1.8281736373901367,
    "avg_time_per_move": 0.0008603170058306526,
    "min_time_per_move": 1.430511474609375e-05,
    "max_time_per_move": 0.004601478576660156,
    "avg_game_duration": 0.01864003896713257,
    "min_game_duration": 0.008851766586303711,
    "max_game_duration": 0.03317713737487793,
    "q_table_size": 15510,
    "q_table_memory_kb": 34911.265625
  },
  "training_stats": {
    "episode_rewards": [
      -1.06,
      -0.05,
      -1.06,
      -0.02,
      -0.02,
      -0.02,
      -0.060000000000000005,
      -0.04,
      -1.08,
      -0.05,
      -1.09,
      0.97,
      0.91,
      -0.05,
      -1.08,
      -0.01,
      -0.01,
      0.91,
      -0.02,
      -0.03,
      -0.03,
      -0.05,
      -0.02,
      -0.03,
      0.91,
      -0.04,
      -0.060000000000000005,
      -1.08,
      0.91,
      -0.01,
      -0.07,
      -0.01,
      0.9,
      -0.02,
      -0.05,
      -0.02,
      -0.04,
      -0.10999999999999999,
      -0.03,
      -1.08,
      -0.01,
      -0.02,
      -0.02,
      -0.07,
      -0.07,
      -0.04,
      -0.04,
      -0.01,
      -0.060000000000000005,
      -0.04,
      -0.060000000000000005,
      -0.09,
      -0.15,
      -0.05,
      -0.07,
      -1.07,
      -0.03,
      -0.03,
      -0.03,
      -0.01,
      0.91,
      -0.09999999999999999,
      -1.09,
      0.9,
      -0.09999999999999999,
      0.89,
      0.91,
      0.91,
      -0.060000000000000005,
      -0.09,
      -0.02,
      -0.04,
      -0.05,
      -0.12999999999999998,
      -0.12999999999999998,
      -0.05,
      -0.03,
      -0.09999999999999999,
      -0.02,
      -0.01,
      -1.08,
      -0.060000000000000005,
      -0.09,
      -0.09999999999999999,
      0.95,
      -0.09999999999999999,
      0.89,
      0.89,
      -0.01,
      -0.07,
      -1.1099999999999999,
      -0.060000000000000005,
      0.91,
      -0.01,
      0.9299999999999999,
      -0.05,
      0.87,
      -0.07,
      -0.09,
      -0.05
    ],
    "win_rate": [
      [
        1000,
        0.68
      ],
      [
        2000,
        0.74
      ],
      [
        3000,
        0.72
      ],
      [
        4000,
        0.84
      ],
      [
        5000,
        0.78
      ],
      [
        6000,
        0.86
      ],
      [
        7000,
        0.74
      ],
      [
        8000,
        0.72
      ],
      [
        9000,
        0.82
      ],
      [
        10000,
        0.72
      ]
    ],
    "episode_lengths": [
      7,
      5,
      7,
      2,
      2,
      2,
      6,
      4,
      9,
      5,
      10,
      4,
      10,
      5,
      9,
      1,
      1,
      10,
      2,
      3,
      3,
      5,
      2,
      3,
      10,
      4,
      6,
      9,
      10,
      1,
      7,
      1,
      11,
      2,
      5,
      2,
      4,
      11,
      3,
      9,
      1,
      2,
      2,
      7,
      7,
      4,
      4,
      1,
      6,
      4,
      6,
      9,
      15,
      5,
      7,
      8,
      3,
      3,
      3,
      1,
      10,
      10,
      10,
      11,
      10,
      12,
      10,
      10,
      6,
      9,
      2,
      4,
      5,
      13,
      13,
      5,
      3,
      10,
      2,
      1,
      9,
      6,
      9,
      10,
      6,
      10,
      12,
      12,
      1,
      7,
      12,
      6,
      10,
      1,
      8,
      5,
      14,
      7,
      9,
      5
    ]
  }
}