{
  "experiment_info": {
    "game": "ttt",
    "agent_type": "qlearning",
    "agent_player": "second",
    "num_games": 100,
    "timeouts": 0,
    "q_table_path": null,
    "trained": true,
    "train_episodes": 10000,
    "save_q_table_path": "models/ttt_qtable.pkl"
  },
  "agent_results": {
    "wins": 0,
    "losses": 0,
    "draws": 100,
    "win_rate": 0.0,
    "loss_rate": 0.0,
    "draw_rate": 1.0
  },
  "game_metrics": {
    "total_moves": 900,
    "avg_moves": 9.0,
    "min_moves": 9,
    "max_moves": 9,
    "total_time": 0.03638482093811035,
    "avg_time_per_move": 4.0427578820122614e-05,
    "min_time_per_move": 7.3909759521484375e-06,
    "max_time_per_move": 0.00037217140197753906,
    "avg_game_duration": 0.00047212600708007813,
    "min_game_duration": 0.00032591819763183594,
    "max_game_duration": 0.0011818408966064453,
    "q_table_size": 327,
    "q_table_memory_kb": 407.09375
  },
  "training_stats": {
    "episode_rewards": [
      -1.05,
      -1.1,
      0.04999999999999999,
      -1.1,
      0.85,
      -1.1,
      0.04999999999999999,
      -1.1,
      -1.05,
      0.04999999999999999,
      0.04999999999999999,
      -1.1,
      0.04999999999999999,
      0.04999999999999999,
      0.04999999999999999,
      0.04999999999999999,
      0.04999999999999999,
      -1.1,
      0.04999999999999999,
      0.04999999999999999,
      -1.1,
      0.85,
      0.04999999999999999,
      0.04999999999999999,
      0.04999999999999999,
      -1.1,
      0.04999999999999999,
      0.04999999999999999,
      0.04999999999999999,
      0.04999999999999999,
      0.04999999999999999,
      0.04999999999999999,
      -1.1,
      0.04999999999999999,
      0.04999999999999999,
      0.04999999999999999,
      0.04999999999999999,
      -1.1,
      0.04999999999999999,
      -1.1,
      0.04999999999999999,
      -1.05,
      0.04999999999999999,
      0.04999999999999999,
      0.04999999999999999,
      0.04999999999999999,
      0.04999999999999999,
      0.04999999999999999,
      -1.05,
      0.04999999999999999,
      0.04999999999999999,
      0.04999999999999999,
      0.85,
      0.04999999999999999,
      0.04999999999999999,
      0.04999999999999999,
      0.04999999999999999,
      0.04999999999999999,
      0.85,
      0.85,
      0.04999999999999999,
      0.04999999999999999,
      0.04999999999999999,
      0.04999999999999999,
      0.04999999999999999,
      0.04999999999999999,
      0.04999999999999999,
      0.04999999999999999,
      -1.1,
      0.04999999999999999,
      0.04999999999999999,
      0.04999999999999999,
      0.04999999999999999,
      0.85,
      0.04999999999999999,
      0.04999999999999999,
      -1.1,
      0.85,
      0.04999999999999999,
      0.85,
      -1.1,
      0.04999999999999999,
      0.04999999999999999,
      0.04999999999999999,
      -1.05,
      0.85,
      0.04999999999999999,
      0.04999999999999999,
      0.04999999999999999,
      0.85,
      -1.15,
      -1.1,
      0.85,
      0.04999999999999999,
      -1.05,
      0.04999999999999999,
      0.04999999999999999,
      0.04999999999999999,
      -1.05,
      0.04999999999999999
    ],
    "win_rate": [
      [
        1000,
        0.08
      ],
      [
        2000,
        0.16
      ],
      [
        3000,
        0.04
      ],
      [
        4000,
        0.12
      ],
      [
        5000,
        0.18
      ],
      [
        6000,
        0.16
      ],
      [
        7000,
        0.1
      ],
      [
        8000,
        0.14
      ],
      [
        9000,
        0.16
      ],
      [
        10000,
        0.2
      ]
    ],
    "episode_lengths": [
      2,
      3,
      4,
      3,
      4,
      3,
      4,
      3,
      2,
      4,
      4,
      3,
      4,
      4,
      4,
      4,
      4,
      3,
      4,
      4,
      3,
      4,
      4,
      4,
      4,
      3,
      4,
      4,
      4,
      4,
      4,
      4,
      3,
      4,
      4,
      4,
      4,
      3,
      4,
      3,
      4,
      2,
      4,
      4,
      4,
      4,
      4,
      4,
      2,
      4,
      4,
      4,
      4,
      4,
      4,
      4,
      4,
      4,
      4,
      4,
      4,
      4,
      4,
      4,
      4,
      4,
      4,
      4,
      3,
      4,
      4,
      4,
      4,
      4,
      4,
      4,
      3,
      4,
      4,
      4,
      3,
      4,
      4,
      4,
      2,
      4,
      4,
      4,
      4,
      4,
      4,
      3,
      4,
      4,
      2,
      4,
      4,
      4,
      2,
      4
    ]
  }
}