{
  "experiment_info": {
    "game": "ttt",
    "agent_type": "qlearning",
    "agent_player": "second",
    "num_games": 100,
    "timeouts": 0,
    "q_table_path": "models/ttt_qtable.pkl",
    "trained": true,
    "train_episodes": 10000,
    "save_q_table_path": null
  },
  "agent_results": {
    "wins": 0,
    "losses": 0,
    "draws": 100,
    "win_rate": 0.0,
    "loss_rate": 0.0,
    "draw_rate": 1.0
  },
  "game_metrics": {
    "total_moves": 900,
    "avg_moves": 9.0,
    "min_moves": 9,
    "max_moves": 9,
    "total_time": 0.042693138122558594,
    "avg_time_per_move": 4.7436820136176214e-05,
    "min_time_per_move": 8.821487426757812e-06,
    "max_time_per_move": 0.0003364086151123047,
    "avg_game_duration": 0.0005779957771301269,
    "min_game_duration": 0.00044798851013183594,
    "max_game_duration": 0.0010287761688232422,
    "q_table_size": 350,
    "q_table_memory_kb": 444.671875
  },
  "training_stats": {
    "episode_rewards": [
      -1.05,
      -1.1,
      0.04999999999999999,
      -1.1,
      0.85,
      -1.1,
      0.04999999999999999,
      -1.1,
      -1.05,
      0.04999999999999999,
      0.04999999999999999,
      -1.1,
      0.04999999999999999,
      0.04999999999999999,
      0.04999999999999999,
      0.04999999999999999,
      0.04999999999999999,
      -1.1,
      0.04999999999999999,
      0.04999999999999999,
      -1.1,
      0.85,
      0.04999999999999999,
      0.04999999999999999,
      0.04999999999999999,
      -1.1,
      0.04999999999999999,
      0.04999999999999999,
      0.04999999999999999,
      0.04999999999999999,
      0.04999999999999999,
      0.04999999999999999,
      -1.1,
      0.04999999999999999,
      0.04999999999999999,
      0.04999999999999999,
      0.04999999999999999,
      -1.1,
      0.04999999999999999,
      -1.1,
      0.04999999999999999,
      -1.05,
      0.04999999999999999,
      0.04999999999999999,
      0.04999999999999999,
      0.04999999999999999,
      0.04999999999999999,
      0.04999999999999999,
      -1.05,
      0.04999999999999999,
      0.04999999999999999,
      0.04999999999999999,
      0.85,
      0.04999999999999999,
      0.04999999999999999,
      0.04999999999999999,
      0.04999999999999999,
      0.04999999999999999,
      0.85,
      0.85,
      0.04999999999999999,
      0.04999999999999999,
      0.04999999999999999,
      0.04999999999999999,
      0.04999999999999999,
      0.04999999999999999,
      0.04999999999999999,
      0.04999999999999999,
      -1.1,
      0.04999999999999999,
      0.04999999999999999,
      0.04999999999999999,
      0.04999999999999999,
      0.85,
      0.04999999999999999,
      0.04999999999999999,
      -1.1,
      0.85,
      0.04999999999999999,
      0.85,
      -1.1,
      0.04999999999999999,
      0.04999999999999999,
      0.04999999999999999,
      -1.05,
      0.85,
      0.04999999999999999,
      0.04999999999999999,
      0.04999999999999999,
      0.85,
      -1.15,
      -1.1,
      0.85,
      0.04999999999999999,
      -1.05,
      0.04999999999999999,
      0.04999999999999999,
      0.04999999999999999,
      -1.05,
      0.04999999999999999,
      0.04999999999999999,
      0.04999999999999999,
      -1.05,
      0.04999999999999999,
      0.85,
      0.85,
      0.04999999999999999,
      0.04999999999999999,
      0.04999999999999999,
      0.04999999999999999,
      0.04999999999999999,
      -1.05,
      0.04999999999999999,
      -1.05,
      0.04999999999999999,
      -1.1,
      0.85,
      -1.15,
      0.85,
      -1.1,
      0.04999999999999999,
      0.04999999999999999,
      0.04999999999999999,
      0.04999999999999999,
      -1.05,
      -1.1,
      0.04999999999999999,
      -1.05,
      0.85,
      0.04999999999999999,
      0.04999999999999999,
      0.85,
      0.04999999999999999,
      0.04999999999999999,
      0.04999999999999999,
      -1.1,
      0.04999999999999999,
      0.04999999999999999,
      0.04999999999999999,
      0.04999999999999999,
      0.04999999999999999,
      0.85,
      0.04999999999999999,
      -1.1,
      -1.05,
      -1.05,
      0.04999999999999999,
      0.04999999999999999,
      0.04999999999999999,
      -1.05,
      0.04999999999999999,
      -1.1,
      0.04999999999999999,
      0.04999999999999999,
      0.04999999999999999,
      0.04999999999999999,
      0.04999999999999999,
      0.04999999999999999,
      0.04999999999999999,
      0.04999999999999999,
      0.04999999999999999,
      -1.05,
      -1.05,
      -1.05,
      0.04999999999999999,
      0.04999999999999999,
      -1.1,
      0.04999999999999999,
      0.04999999999999999,
      0.04999999999999999,
      -1.1,
      0.04999999999999999,
      0.04999999999999999,
      0.04999999999999999,
      0.04999999999999999,
      0.85,
      -1.1,
      0.04999999999999999,
      0.04999999999999999,
      0.04999999999999999,
      0.04999999999999999,
      0.04999999999999999,
      0.85,
      0.04999999999999999,
      0.04999999999999999,
      0.85,
      0.04999999999999999,
      0.04999999999999999,
      0.04999999999999999,
      -1.1,
      0.04999999999999999,
      -1.1,
      -1.1,
      0.04999999999999999,
      0.04999999999999999,
      0.04999999999999999,
      0.04999999999999999,
      0.04999999999999999,
      0.04999999999999999,
      0.85
    ],
    "win_rate": [
      [
        1000,
        0.08
      ],
      [
        2000,
        0.16
      ],
      [
        3000,
        0.04
      ],
      [
        4000,
        0.12
      ],
      [
        5000,
        0.18
      ],
      [
        6000,
        0.16
      ],
      [
        7000,
        0.1
      ],
      [
        8000,
        0.14
      ],
      [
        9000,
        0.16
      ],
      [
        10000,
        0.2
      ],
      [
        1000,
        0.16
      ],
      [
        2000,
        0.14
      ],
      [
        3000,
        0.18
      ],
      [
        4000,
        0.22
      ],
      [
        5000,
        0.1
      ],
      [
        6000,
        0.18
      ],
      [
        7000,
        0.06
      ],
      [
        8000,
        0.18
      ],
      [
        9000,
        0.06
      ],
      [
        10000,
        0.16
      ]
    ],